, , alvinlong.77@gmail.com
, , mfay34@gmail.com
Clara, , calvear1980@gmail.com
, , littlexpepper@yahoo.com
LIsa, , leese1128@optimum.net
Nahiem, , py4nahi@hotmail.com
leyda, , leydajaramillo@aol.com
Chantelle, , chanmc4@gmail.com
mayelin, , mayelincaro71@gmail.com
, , summersmaintenance@msn.com
Eddie, , eddiei@hotmail.com
Julie, , premlily@yahoo.com
Andrew, , ahcventures@gmail.com
, , len2_1231@yahoo.com
Praveen Kumar, , pkamre1975@gmail.com
Jacqueline, , jacquelineraczkaone@gmail.com
Jorge, , robledoj@ymail.com
Harendra, , gland0282@gmail.com
Carlos, , cctunnermann@gmail.com
Raymond, , rayzelda@aol.com
, , uni.jessica.jg@gmail.com
, , travisalexanderblog@gmail.com
Patsy Holliday, , patchesholliday@gmail.com
javier , , crnhj10@gmail.com
DOUG, , puwkallen@outlook.com
Alejandro, , alejandroaraque123@gmail.com
Nikki, , nik.harwell@comcast.net
hiruni, , hilangakoon86@yahoo.com
, , roxannetevans5@gmail.com
Adam Ahmed, , africommalta@yahoo.com
, , jbvalens@aol.com
Joya, , aroseby1@gmail.com
Karen, , tropicfront@yahoo.com
Sheryl, , sherylynettes@yahoo.com
Richard, , odieelder@hotmail.com
Andrea, , dadasunell@myway.com
Lee, , leesok@msn.com
, , kpowell328@yahoo.com
Tin Shun, , vtianxunc@juno.com
, , chris200772@gmail.com
Christy, , cmiovsky@gmail.com
Anthony, , anthony.bellamy1@btinternet.com
Jeremy Nelson, , jeremynwhodat@gmail.com
, , juanfranciscoflores96@gmail.com
Lana, , lbrown0429@gmail.com
, , earnincomefast@gmail.com
diana, , daburto1981@hotmail.com
, , tprice9258@aol.com
LAURA, , coppersmithl@yahoo.com
, , r.stoneii@yahoo.com
fermin, , fergusifontes@hotmail.com
Ricardo Venegas, , rvschileaustral@gmail.com
Stuart, , stuart.s.booth@talk21.com
douglas, , douglasvanscoyk@gmail.com
Ariel, , aosambo73@yahoo.com
Mary, , faithfunds@yahoo.com
Charly, , luvorcas4ever_88@yahoo.com
Ricardo, , ravendano53@msn.com
Joyce, , mzgenuine45@gmail.com
Bhola, , bkashyap6@gmail.com
, , espadronjamaldo50@gmail.com
, , debmorsles90@gmail.com
Yanto, , mastercomputer2012@yahoo.com
Daniel, , raidersrdaboom@gmail.com
Jasmin, , jaskol38139@hotmail.com
Brandon, , bew.pdx@gmail.com
Joseph Paris, , paris_joseph@yahoo.com
Brian, , brianpoland5751@live.com
Elizabeth, , liz_anthonyirish@yahoo.com
Dean, , deananos@yahoo.com
Penny, , pennycatron@gmail.com
, , amandaarmstrong45@yahoo.com
Norman, , nconant61@yahoo.com
Wilda, , mustion7@yahoo.com
Louis, , louisfster@gmail.com
, , pancha.unitedgraphics@gmail.com
, , emmanuelchedikol@gmail.com
Oghenevowero, , sethpeter61@yahoo.com
Jeremy, , ferjer2011@gmail.com
Lasha, , vondial@hotmail.com
Vicki, , vickihveem@yahoo.com
Dayal, , dayalsaran26novster@gmail.com
Romeo, , rbeninga@yahoo.fr
Raymond, , raymontgomery365@gmail.com
archana, , archiemarine21@gmail.com
Leonard Kirui, , leonardkirui0@gmail.com
Justin, , jstovedamarine@gmail.com
, , jimmer1027@yahoo.com
Patrick A Bennett, , patrickbennettpb14812@gmail.com
, , gautam.chowdhury016@gmail.com
, , allstatenurse@aol.com
, , jbennettii@gmail.com
philip, , bigbyrd4412@mchsi.com
NICOLE, , nicole.richardson74@gmail.com
Corinne, , artnsoulcg@aol.com
Steve, , stevegallo46@gmail.com
, , sher50coop@gmail.com
Robin, , robinrossetti@gmail.com
Carole, , cfrick3816@aol.com
chuck, , gunnerchuck@comcast.net
, , cayrimar46@yahoo.com
fatma, , fatamae@hotmail.com
, , dlmic@sbcglobal.net
Nirmala Verma, , nirmala7275@gmail.com
Anna Simorkova, , anna.simorkova@gmail.com
Zlatko, , zcapan@yahoo.com.au
Rayshawn, , rayshawnaorr44@gmail.com
Darryl, , darryllamont.dh@gmail.com
Yoshie, , yoshie.nanbu@yahoo.com
Lori, , loriharada51@gmail.com
anna, , willyannb2009@gmail.com
Tempestt, , tempesttdavis13@gmail.com
RossR., , rosskennedy@sbcglobal.net
, , alexandrarose60@gmail.com
Linda, , linbar2806@gmail.com
Tish, , okgden@yahoo.com
Joanne, , joannemartha@hotmail.com
, , michaeltucker22@yahoo.com
Marsha, , marsha0265@yahoo.com
Tami, , tamiingalls@gmail.com
Barbara, , barbiesdreamhouse@hotmail.com
Quinlan, , quin_oats@hotmail.com
Mark, , turquoicherokee@gmail.com
Prakash Kumar, , pkbhartiya3@gmail.com
Bryan, , bryanbourland@yahoo.com
Doris Floyd, , smileydf62@gmail.com
GAYLE, , gakaaiaio@hotmail.com
Debesai, , debesai816@gmail.com
Shelly, , shellyupchurch@comcast.net
Aldridge, , swartzaldridge@gmail.com
Rupesh, , rupeshgupta0001.rg@gmail.com
Vaden, , vadenjaychandler@hotmail.com
Ken, , lowell2339@hotmail.com
denisse, , dmontanez32@gmail.com
dilip, , deeselectrical14@gmail.com
, , daudaiddrisu66@gmail.com
Mike, , kwameb9@yahoo.com
, , patrickteddyjr@gmail.com
Calvin, , calvinc95@gmail.com
Dae, , austindaecho@hotmail.com
SHANNAN, , neezycarter915@gmail.com
, , adkthe2nd@aol.com
, , asadullahshaikh345@gmail.com
Chris Neuman, , neumanchris5123@gmail.com
dianne, , dianne_powers@aol.com
Marian, , ryan.dinu@yahoo.com
Ion Panfil, , securitate123@gmail.com
, , fancyface1992@gmail.com
, , koolaidbaby@live.com
Umer Rehman, , umee6829@gmail.com
, , kramandeep016@gmail.com
, , daverriusmurray729@gmail.com
Letita, , tish_blake@hotmail.com
, , patrik13owsome@gmail.com
KUYAKHANYA, , kuyakhanyakhanya@gmail.com
Ying, , yingfang007@yahoo.com
Elias, , eliasmashamba@yahoo.com
Paul, , pauldemarshsproject@gmail.com
, , morriskeyma14@gmail.com
mark, , m_mickelson72003@yahoo.com
Kristine, , gillispie2006@yahoo.com
, , 135willieb@gmail.com
Kevin, , kdfrancis@shaw.ca
Maureen, , maureennaccarato@yahoo.com
Thomas, , getbizopps@gmail.com
Azhar, , azarath82@hotmail.com
, , lorinblumke@gmail.com
Umoh George, , pastorgeorge4impact@gmail.com
, , komyo166@gmail.com
Nixon, , nixonbukii@gmail.com
, , joyreese3411@yahoo.com
Michael, , michael.frilot@gmail.com
, , thunderinthesky@me.com
Erich, , lehrcorp@yahoo.com
Autumn, , shortyaep73@msn.com
Denis, , denis.dari@hotmail.com
Mellisa Edwards, , edwards_mell@yahoo.com
warren, , wkalexjr@gmail.com
roger, , rogergranz@yahoo.com
, , yellowbird26@yahoo.com
Marko, , mscekic1978@gmail.com
Pat, , patankney@gmail.com
, , domy_j@hotmail.com
Tangi, , tangingatuaine@icloud.com
David, , calfaken@yahoo.com
Martin E, , mwesterlink@yahoo.com
, , angels-newworld-13@hotmail.com
, , leebrickey@gmail.com
Joe, , jap.procopio@gmail.com
Harold, , harold1190@gmail.com
, , lilneisha2324@gmail.com
Brad Johnson, , bradj_5@yahoo.com
Lee, , lranger67@gmail.com
Andrew, , andrew.fearn@lineone.net
james, , jamesdavies345@hotmail.com
Donald, , quigley469@aol.com
Sainayan, , sainayanmahto20@gmail.com
Steve, , sbalogh57@gmail.com
Jennifer, , jmrconsult@gmail.com
Werner, , wemepes@web.de
Luis Gustavo, , lugussagitario@gmail.com
Joshua, , breakerzero8732@yahoo.com
lucas, , heskettpct@outlook.com
Ssentongo, , ssentongojkatumba@yahoo.com
Christopher, , wash504@yahoo.com
Joel, , jhodge2@sc.rr.com
ed, , coachewh@embarqmail.com
Frank, , nelsoncharles7781@yahoo.com
Iyer, , srikanthiyer75@gmail.com
ADIL, , aadilw@yahoo.co.in
, , sadiasaeed1995@gmail.com
Carl, , clong1@syctelco.com
, , dlambert8001@gmail.com
Tamara Holsapple, , tamaras.angel@gmail.com
Wuanita, , hootch.nita@gmail.com
Mohdmobin, , mobinkhanm@gmail.com
Marinda, , mnmarinda@gmail.com
marcel, , tash2tiger@gmail.com
Sanowar, , titu.gm.marketing@gmail.com
Mario, , m9ocampo9g@yahoo.com
shyla, , shylathomas2014@gmail.com
PAMELA, , pamkozway@gmail.com
Tommi, , tommimcdaid@yahoo.com
REGINALD, , reginaldbarnes3@aol.com
Consonella, , jacksonmonique862@yahoo.com
, , prettylady24jkl@gmail.com
, , calrobin22@aol.com
, , bcole398@gmail.com
, , marthavelez812@gmail.com
jean, , jeanne.mcgill@gmail.com
Osman, , mybizzy5@gmail.com
Donna, , donnamills42@gmail.com
Karen Packer, , k.taylor2014.tst@gmail.com
JayCee, , jaycee_2340@yahoo.com
, , pricelewis96@gmail.com
, , shaunisham283@gmail.com
Midanah, , midanahj@yahoo.com
Ivana, , ivka.sifrova@gmail.com
Matli, , mchele291@gmail.com
Robert, , happyfamilyolive@yahoo.com
, , kwan3@cox.net
, , silverhawk2000_burks@yahoo.com
Leonita Williamson, , leonitawilliamson@gmail.com
frank, , frank_albo@msn.com
Jack, , strongfun47@yahoo.com
Alvin, , milesroya@yahoo.com
, , mstalling28@gmail.com
Emmanuel, , iesitshme1@yahoo.com
, , katy747@aol.com
GEORGE, , gbagnell@msn.com
Azlin, , alynhalis@gmail.com
, , h.d.grady31@gmail.com
judy, , judychang05@yahoo.com
Virginia, , jakiyah.vc50@gmail.com
Joseph, , jojoontheradio35@yahoo.com
Ken, , kendean@live.com
William, , billcourie71@gmail.com
, , pauldrury@halfordsautocentres.co.uk
, , rodwell.walsh@yahoo.com
Poerwono, , poerwono99@gmail.com
Caswell, , thelordisourshepherd2@gmail.com
grant, , grantwark@amnet.net.au
, , gtp4u@comcast.net
Wendall, , silverado97100@yahoo.com
, , tasmiyahs@yahoo.com
Rosa, , rositalinda54@yahoo.com
Abm Akhtaruzzaman, , zaman2532@hotmail.com
Cynthia, , cyannris@gmail.com
Abhilekh, , abhilekhverma91@gmail.com
Paul, , pfabish@snet.net
, , kyinsaryi7@gmail.com
Alan Menere, , albegood47@yahoo.com.au
, , dragonknight34@gmail.com
Robert, , bizzobby1022@gmail.com
Jean, , jmbegins@cox.net
, , larsschenkluhn@hotmail.com
ahmad, , ahmad_ghani52@yahoo.com
, , christopherwillis779@gmail.com
Raymond, , mondtsalf@live.com
Cecilia, , cecics.3063@gmail.com
, , hummerdereks@yahoo.com
mark, , emperor_winds@yahoo.com
Dmitriy, , dm.al.pol@gmail.com
, , suthukazi@aol.com
kasem, , kasem699@googlemail.com
Litisha, , niqtatyana@yahoo.com
, , robertrkite@gmail.com
Cyndi, , cyndi3232@gmail.com
kasoma, , klmooo1@yahoo.com
teta, , jordine4@yahoo.com
Julia Cresenda, , c_derozario@yahoo.com.sg
, , juliavillagegarden@gmail.com
Andrey, , usandrey888@gmail.com
SUZIE, , suzieroberts56@hotmail.com
Sohag Tanvir, , stanvir064@gmail.com
Brandon, , lynnsneed1828@gmail.com
Robert, , leadmagic99@gmail.com
, , rosebudperkins@yahoo.com
Wilbert, , hybriddeals83@gmail.com
, , geo.smith6@gmail.com
Geneva Grown, , geneva733@gmail.com
Michael, , mbiz1900@yahoo.com
Darlene, , cccsltd@shaw.ca
GREGORY, , gregorybrinkley@yahoo.com
Ingeborg, , hoxworth@citlink.net
Uma, , umamoon2023@gmail.com
Ed, , edmanz@comcast.net
, , austin.kitchell@gmail.com
Nathan, , nleondavis_10@yahoo.com
Matthew, , buddhalove2012@yahoo.com
ramli, , ramliamin52@gmail.com
wayne, , buggs6971@gmail.com
Chaka, , chaka1220@gmail.com
, , rbuchert18@gmail.com
Thomas, , tbarney95@yahoo.com
, , jennibabygirl@gmail.com
Jobby, , jobbyjh@gmail.com
egle, , eglitak@gmail.com
George, , gecarp1@yahoo.com
Richard, , mrtea@aol.com
, , kareblblt@aol.com
Tiffany, , tiffanythompsonl@yahoo.com
FRED, , fredlrfx@gmail.com
Mayl, , mayllykes@gmail.com
Rey, , rdretumban@yahoo.com
, , randolph.ellis@yahoo.com
Jay, , jtperdue33@gmail.com
Jean, , jmgoins22@gmail.com
Marte Gamez, , martegamez@gmail.com
William, , jlittorno@hotmail.com
Carletta, , leaderof4@me.com
Eliadys, , eliadyswaller@yahoo.com
Gladstone, , gtgibson1@hotmail.co.uk
Sabrina, , sabrina-clement@hotmail.com
samuel, , samuelcooper54@gmail.com
moshe, , chizik100@gmail.com
Daryl, , dvmackenzie@icloud.com
jerylyn, , jerylyn.cabaling@gmail.com
Peggie, , selectprofitz@gmail.com
Marlene, , marlene.boyd@bellaliant.net
Leigh-Anne, , leighannes@live.com
LaToya, , deonycewlk@gmail.com
David, , dave.samurai@yahoo.com
, , lucy.ahsue@yahoo.com
Habeeb, , khabeeb786@gmail.com
, , westermannlee@outlook.com
Joe, , jogirbau@gmail.com
, , etimbassey95@gmail.com
Kianoosh, , kiajazz21@yahoo.co.uk
, , saahirtonse@hotmail.com
Graeme, , keepsx3@gmail.com
, , sallye5678@gmail.com
Michelle, , michelle.whyte70@mail.com
VIK, , mehtavik@aol.com
, , pisceschic_81@yahoo.com
, , gregoryjfarley@gmail.com
Joy Franquenouille, , franquenouille@hotmail.com
Rory Malai, , syed.rory@gmail.com
Doug, , douglasdahn@gmail.com
Sharleen, , sharleen_karima@hotmail.com
, , agarcia075@hotmail.com
MONICA, , mgads@aol.com
Pansy, , paustin830@aol.com
romulus, , rom.malerba@libero.it
Sandra, , ssandrahicks@gmail.com
Jashelle, , jashelle.jackson@yahoo.com
Carl, , carlcorrick@att.net
Rhonda, , rhondacwynar@gmail.com
Keneil, , kenneilwoolery@yahoo.com
Orlando, , odelosreyes032@gmail.com
jay, , jaysawesomestuff@gmail.com
Alvin, , headings01@comcast.net
Mykal, , mykal.palmer@yahoo.com
Feng, , qufengqufeng@yahoo.com
, , s.suerth@yahoo.com
, , autospread@gmail.com
Claireedwardsphillip@gmail.com, , claireedwardsphillip@gmail.com
NOREEN, , rnms71@gmail.com
Maria, , felixmaria45@yahoo.com
Kelvin, , kcwilson999@gmail.com
dennis M, , dennislegassie@yahoo.com
, , don.fox@comcast.net
, , kristykbegay@yahoo.com
jeffrey, , jeffbobmarley@verizon.net
Jozsef Varga, , vargajozs25@gmail.com
Pamela, , pdwingler@yahoo.com
, , archdemon95mc@gmail.com
Joe, , ldselder@gmail.com
Stacey, , peterson709@yahoo.com
Kim, , kim@treetesting.com
Greg, , gtegus@live.com
Tn, , wongso.sjwt@gmail.com
Akwasi, , akwasi.taha@gmail.com
Abnel, , aabnela@aol.com
Jose V., , jvsskull@gmail.com
Mihaly, , smag@isiscom.hu
Shawanda Jeter, , shawanda.jeter@gmail.com
Russell, , rviska@ymail.com
Shaun Wockintz, , shaunbaccawooki2609@hotmail.com
, , edarmanliclic@icloud.com
ANDRE, , jacyberdep@modulonet.fr
, , shellyk3333@aol.com
jimmy, , jimmybanda2@gmail.com
, , ckquilting101@gmail.com
Richard, , rloiselle12@gmail.com
Dolores, , deehutchinson1@hotmail.com
Tim, , max44m@gmail.com
MARIE, , mariemassey02@gmail.com
Titihuia, , titihuia.grant787@gmail.com
, , smbanzi@yahoo.com
Kristie, , kristierose810@yahoo.com
LINDA, , lindacoyle19@hotmail.com
Connie , , myangie06@yahoo.com
, , marilynmarquezjaravata@gmail.com
Alan, , ahickton@ymail.com
Jose, , jag0583@gmail.com
jaime, , jimmygf@gmail.com
Tawnit.t., , tawninguyen@gmail.com
margaret, , mr7eh@comcast.net
Hajime, , hajime_white@yahoo.com
Tamera Snyder, , tmera1188@gmail.com
, , angkasaadv998@gmail.com
Sonia, , sicedeno.tdracad@gmail.com
Michael, , michaelnation8@gmail.com
Ruth, , ruthcdunn1@yahoo.com
, , santee1227@gmail.com
Sherry, , shimelponiesrus@aol.com
Juwan, , juwan.godwin@yahoo.com
Greg, , dgasmith1982@gmail.com
Paul, , plewis@smartfamilies.com
Jewel, , sisterleena@icloud.com
, , quinntwana@gmail.com
, , rondacooksey1966@gmail.com
Michelle, , michellevictor631@gmail.com
Ricardo Valencia, , rvalencia_rvg@hotmail.com
, , stephanie.white@fmc-na.com
Pam Olivier, , pammypaws@aol.com
Eldon, , ewong1825@yahoo.com
Oliver, , oliver_ama@yahoo.com
, , creaghanconsulting@gmail.com
Angela, , a.goble@aol.com
Kathy Richardson, , kitkattrini@aol.com
Monlito Orange, , fritomon@gmail.com
, , meberle524@gmail.com
Serik, , nurymsak@gmail.com
ahmed, , engmahrous2020@yahoo.com
Sentoteng Nkadimeng, , sentoteng@gmail.com
Lasha, , lashaandrus1995@gmail.com
Niecco, , niecco1921@gmail.com
, , atkcva25@gmail.com
, , deemusic76@gmail.com
orlando, , siromofoe50@gmail.com
, , keketsosephai@gmail.com
Omolara, , laramiye@yahoo.com
, , gabbiewhite11@gmail.com
Manubrahmachari, , videomanoj@gmail.com
, , sunilwttps@gmail.com
, , hayfield3greengrass@yahoo.com
Ariande, , giannis.ariande@gmail.com
Tim, , timgaudio95@yahoo.com
, , timothy_pritchard29@yahoo.com
Opeyemi David, , ayobamideleope79@gmail.com
, , tanyaguez@gmail.com
, , peanut3770@gmail.com
Jon, , jonmills295@gmail.com
chiori, , chioly77@yahoo.com
Salmanmasoom, , masoomsura@gmail.com
jody, , jhodydumbledore2@yahoo.com
Noami, , noamirodriguez57@gmail.com
, , milalthaf@gmail.com
, , misha5376@aol.com
Danny, , dan-long@sbcglobal.net
, , ems386@aol.com
, , tiajefferson1983@gmail.com
, , jeneejenee90@yahoo.com
lynsey, , lynsey123@live.com
Bruce, , brucewells@bbvmarketing.biz
Ed, , wanadpadpj@yahoo.com
Michel Marius, , michelmariusm1@gmail.com
, , judyhagen33@gmail.com
Terry, , tdstudios@verizon.net
Eduardo, , nickeloro@hotmail.com
Larry, , upnomo@yahoo.com
Tina, , soccercoachnmom@aol.com
Lois Lowery, , loisnjosh@gmail.com
, , jimt867@gmail.com
Anica, , anicaioanas@gmail.com
, , hkmzhang@gmail.com
, , springleetx@gmail.com
Elizabeth, , lrinehart@bellsouth.net
Harold, , hlsmith123@aol.com
, , mjspees2926@gmail.com
John, , jkjackson512@yahoo.com
victor, , nkwetivictor@gmail.com
Carina, , carinayousef2002@yahoo.se
Franco, , rocca.franco.62@gmail.com
, , reju6657@gmail.com
, , laboricuarivers0770@gmail.com
?nui, , nui_konsod@hotmail.com
Ivette, , almanzaivette@yahoo.com